site,pillar,indicator,raw_value,bg_median,anomaly,bg_std,bg_std_spatial,bg_std_temporal,z,score,confidence,qa,n_valid,anomaly_strength,spatial_context,extra_note
Norilsk Nickel — Nadezhda smelter,air,air.no2,109.42946058214679,85.3855553934475,24.043905188699284,107.6922445079618,10.235328201065807,107.6922445079618,0.22326496488725048,0.07442165496241682,0.6927962962962964,0.9,1.0,0.037037037037037035,1.0,
Norilsk Nickel — Nadezhda smelter,air,air.so2,2339.9709946271237,1098.9325287175168,1241.0384659096069,989.1102434357242,989.1102434357242,,1.2547018637667702,0.41823395458892343,0.20386666666666667,0.75,0.037037037037037035,0.0,1.0,
Norilsk Nickel — Nadezhda smelter,air,air.co,30.99489505424268,30.944966173752604,0.049928880490075045,2.72822157487798,0.6461027717113272,2.72822157487798,0.018300889102934436,0.006100296367644811,0.6016470588235294,0.85,1.0,0.18823529411764706,1.0,
Norilsk Nickel — Nadezhda smelter,air,air.hcho,44.3924088386064,42.46447033746653,1.9279385011398702,13.996170242952546,3.231947925755973,13.996170242952546,0.1377475743488216,0.04591585811627386,0.7647499999999999,0.85,1.0,0.4,1.0,
Norilsk Nickel — Nadezhda smelter,air,air.pm25,,,,,,,,,,,,,,
Norilsk Nickel — Nadezhda smelter,air,air.pm10,,,,,,,,,,,,,,
Norilsk Nickel — Nadezhda smelter,air,air.o3,439.1383986704027,438.1723327835145,0.9660658868882024,40.50139208237237,1.1611998201389793,40.50139208237237,0.023852658815366207,0.007950886271788736,0.73625,0.85,1.0,0.125,1.0,
Norilsk Nickel — Nadezhda smelter,air,air.aai,-0.21054319946032962,-0.05282750574427624,-0.15771569371605337,0.27505337917083683,0.1431983399256288,0.27505337917083683,-0.573400313028314,0.0,0.8356818181818181,0.85,1.0,0.5227272727272727,1.0,
Norilsk Nickel — Nadezhda smelter,air,air.aod,270.1098759048604,279.0,-8.890124095139583,13.817491701574383,13.817491701574383,,-0.6433963766467564,0.0,0.32199999999999995,0.9,0.1111111111111111,0.3333333333333333,1.0,
Norilsk Nickel — Nadezhda smelter,ghg,ghg.ch4,1857.1100395903663,1865.6196961517185,-8.50965656135213,7.070850131426036,7.0708501314260355,,-1.2034842208762695,0.0,0.2990859830417449,0.85,0.18518518518518517,0.0,0.4220128216441705,context — not scored (M-CH4-A1 reference)
Norilsk Nickel — Nadezhda smelter,ghg,ghg.co2,6130.63635364318,,,,,,,1.0,1.0,1.0,1.0,1.0,1.0,"context — not scored; rel_intensity=10.0 (cap 10), total_tCO2yr=1350278.6673177083"
Norilsk Nickel — Nadezhda smelter,ghg,ghg.viirs,11.02388888612108,,,,,,,1.0,0.925,0.85,0.9,1.0,1.0,"flaring_frac=0.16598366934248424, lit_contrast_pct=0.9741387318834906, state=high"
Escondida copper mine,air,air.no2,79.20842055070818,57.38254525964615,21.825875291062033,17.037111567000714,14.62428228022306,17.037111567000714,1.2810783802893388,0.4270261267631129,0.760121794871795,0.9,1.0,0.32051282051282054,1.0,
Escondida copper mine,air,air.so2,30.323869015291013,39.03455510913455,-8.710686093843538,108.457409386413,45.524386443144415,108.45740938641302,-0.0803143477529417,0.0,0.6254285714285713,0.75,1.0,0.14285714285714285,1.0,
Escondida copper mine,air,air.co,14.998737414150023,14.867810917078282,0.13092649707174076,2.0805986964421757,0.5965447795919886,2.0805986964421757,0.06292731861056391,0.020975772870187974,0.5759047619047618,0.85,1.0,0.05952380952380952,1.0,
Escondida copper mine,air,air.hcho,64.35767928444666,55.756829639086604,8.600849645360057,41.62808541779352,12.782912865380414,41.62808541779352,0.2066117035899928,0.06887056786333094,0.7065059523809523,0.85,1.0,0.15476190476190477,1.0,
Escondida copper mine,air,air.pm25,,,,,,,,,,,,,,
Escondida copper mine,air,air.pm10,,,,,,,,,,,,,,
Escondida copper mine,air,air.o3,255.88518924105102,255.97700021276125,-0.09181097171023112,3.959380694142632,0.4376530863136184,3.959380694142632,-0.023188215229228405,0.0,0.7436904761904761,0.85,1.0,0.15476190476190477,1.0,
Escondida copper mine,air,air.aai,1.702732826057323,1.0116226305353098,0.6911101955220131,0.6549920251373975,0.25347289350879704,0.6549920251373975,1.0551429162470172,0.3517143054156724,0.7255882352941176,0.85,1.0,0.08235294117647059,1.0,
Escondida copper mine,air,air.aod,82.42701209034554,93.5692681795597,-11.142256089214158,87.79909108574081,18.036871153986585,87.79909108574081,-0.12690628059387438,0.0,0.7200000000000001,0.9,1.0,0.0,1.0,
Escondida copper mine,ghg,ghg.ch4,1885.9747801927174,1880.2706963568435,5.7040838358739165,6.540427496352382,15.737689319424337,6.540427496352382,0.872127064944165,0.29070902164805507,0.37241931637507825,0.85,0.07407407407407407,0.5,0.4220128216441705,context — not scored (M-CH4-A1 reference)
Escondida copper mine,ghg,ghg.co2,2304.6415487025106,,,,,,,1.0,1.0,1.0,1.0,1.0,1.0,"context — not scored; rel_intensity=10.0 (cap 10), total_tCO2yr=196509.10271936742"
Escondida copper mine,ghg,ghg.viirs,5.4059399893011015,,,,,,,0.2522155404336129,0.7380538851084033,0.85,0.9,0.2522155404336129,1.0,"flaring_frac=0.02522155404336129, lit_contrast_pct=0.9597706477778677, state=high"
Comodoro Rivadavia oil & gas,air,air.no2,53.991026004862775,51.531863072227054,2.4591629326357207,6.798534848746458,1.644421858548096,6.798534848746458,0.36171954507067816,0.12057318169022604,0.7183750000000001,0.9,1.0,0.14473684210526316,1.0,
Comodoro Rivadavia oil & gas,air,air.so2,53.43977805311955,35.11536674295614,18.324411310163406,129.7855616176393,77.52362682199725,129.7855616176393,0.1411899065024573,0.04706330216748577,0.6175714285714285,0.75,1.0,0.10714285714285714,1.0,
Comodoro Rivadavia oil & gas,air,air.co,16.387903772355532,15.883894951200668,0.5040088211548639,2.5802665860743437,0.467926691711144,2.5802665860743437,0.1953320730016779,0.0651106910005593,0.5738360655737704,0.85,1.0,0.04918032786885246,1.0,
Comodoro Rivadavia oil & gas,air,air.hcho,53.87865250841009,58.79156465105499,-4.912912142644899,82.49924452211066,16.297130663807103,82.49924452211066,-0.059550995540670525,0.0,0.6802279411764705,0.85,1.0,0.04411764705882353,1.0,
Comodoro Rivadavia oil & gas,air,air.pm25,,,,,,,,,,,,,,
Comodoro Rivadavia oil & gas,air,air.pm10,,,,,,,,,,,,,,
Comodoro Rivadavia oil & gas,air,air.o3,288.04626450486285,287.4715887007681,0.5746758040947384,18.614862172800265,0.33571245548559914,18.614862172800265,0.030871880691893887,0.010290626897297962,0.7228571428571429,0.85,1.0,0.07142857142857142,1.0,
Comodoro Rivadavia oil & gas,air,air.aai,0.1097796886462417,0.1357436900311167,-0.025964001384874993,0.6294275655803971,0.07063078344346761,0.6294275655803971,-0.041250181601013146,0.0,0.705,0.85,1.0,0.0,1.0,
Comodoro Rivadavia oil & gas,air,air.aod,55.2889007335969,30.743476020210824,24.545424713386073,52.92564177371252,10.600245663537088,52.92564177371252,0.46377188619330956,0.15459062873110319,0.7646428571428572,0.9,1.0,0.17857142857142858,1.0,
Comodoro Rivadavia oil & gas,ghg,ghg.ch4,1828.6777839650858,1839.7283286290053,-11.050544663919482,24.60571240632679,8.988649018132882,24.60571240632679,-0.44910484530730715,0.0,0.4413082052639672,0.85,0.7777777777777778,0.0,0.4220128216441705,context — not scored (M-CH4-A1 reference)
Comodoro Rivadavia oil & gas,ghg,ghg.co2,8399.888981149646,,,,,,,1.0,1.0,1.0,1.0,1.0,1.0,"context — not scored; rel_intensity=10.0 (cap 10), total_tCO2yr=937822.8991895313"
Comodoro Rivadavia oil & gas,ghg,ghg.viirs,24.450966054594385,,,,,,,1.0,0.925,0.85,0.9,1.0,1.0,"flaring_frac=0.17966636950182077, lit_contrast_pct=0.943185647735157, state=high"
Jamnagar refinery,air,air.no2,99.7631250264154,80.69533089162152,19.06779413479387,75.4301179165068,18.481061401160183,75.4301179165068,0.2527875424495546,0.08426251414985153,0.6869320987654322,0.9,1.0,0.012345679012345678,1.0,
Jamnagar refinery,air,air.so2,39.257199472623036,45.43492365751891,-6.177724184895872,299.0890946128025,31.304674239270113,299.0890946128025,-0.020655130180836204,0.0,0.594,0.75,1.0,0.0,1.0,
Jamnagar refinery,air,air.co,32.20700517168555,32.26062124530409,-0.053616073618535154,4.15934483901214,0.524639248601045,4.15934483901214,-0.012890509369564361,0.0,0.564,0.85,1.0,0.0,1.0,
Jamnagar refinery,air,air.hcho,114.81025994251077,123.29398889422521,-8.48372895171444,89.55041923084423,18.049039067215652,89.55041923084423,-0.09473689821423363,0.0,0.6725116279069767,0.85,1.0,0.011627906976744186,1.0,
Jamnagar refinery,air,air.pm25,,,,,,,,,,,,,,
Jamnagar refinery,air,air.pm10,,,,,,,,,,,,,,
Jamnagar refinery,air,air.o3,287.2071761020779,287.0671349652111,0.14004113686678465,12.671052153216971,0.27776181782423237,12.671052153216971,0.011052052755637228,0.0036840175852124093,0.705,0.85,1.0,0.0,1.0,
Jamnagar refinery,air,air.aai,0.697613963109978,0.6063318379013742,0.09128212520860379,0.28597551078434985,0.06734573057350444,0.28597551078434985,0.3191956016032379,0.10639853386774595,0.7251149425287355,0.85,1.0,0.08045977011494253,1.0,
Jamnagar refinery,air,air.aod,396.04987223755336,374.9545060295719,21.095366207981442,288.4802428874249,29.66637931727055,288.4802428874249,0.0731258612265298,0.024375287075509934,0.7269444444444445,0.9,1.0,0.027777777777777776,1.0,
Jamnagar refinery,ghg,ghg.ch4,1924.74878486145,1924.8891068025926,-0.14032194114247432,15.00074358841353,6.463766653362992,15.000743588413531,-0.009354332357954442,0.0,0.4946415385973004,0.85,1.0,0.0,0.4220128216441705,context — not scored (M-CH4-A1 reference)
Jamnagar refinery,ghg,ghg.co2,18809.98613069257,,,,,,,0.6995551930480611,1.0,1.0,1.0,1.0,1.0,"context — not scored; rel_intensity=5.006741775096304 (cap 10), total_tCO2yr=1581735.4219625131"
Jamnagar refinery,ghg,ghg.viirs,61.02089144842965,,,,,,,1.0,0.925,0.85,0.9,1.0,1.0,"flaring_frac=0.31875200706486834, lit_contrast_pct=0.9753460525179243, state=high"
Ganzhou rare-earth processing,air,air.no2,86.77902235649965,81.21796223810713,5.561060118392518,22.32352465655301,2.933541436318454,22.32352465655301,0.2491121005284479,0.08303736684281596,0.705875,0.9,1.0,0.09210526315789473,1.0,
Ganzhou rare-earth processing,air,air.so2,25.634390452379762,22.430259877369423,3.204130575010339,285.9598381647288,90.49490409403118,285.9598381647288,0.011204827207814341,0.0037349424026047805,0.5353333333333333,0.75,0.7777777777777778,0.0,1.0,
Ganzhou rare-earth processing,air,air.co,47.56038999408505,46.298358201663504,1.2620317924215456,4.564636184325038,1.3218972260273034,4.564636184325038,0.276480258548395,0.09216008618279833,0.6040000000000001,0.85,1.0,0.2,1.0,
Ganzhou rare-earth processing,air,air.hcho,136.17289850632847,139.55952170581463,-3.3866231994861664,78.22367600971829,19.004683657354896,78.22367600971829,-0.043294094221107964,0.0,0.6759999999999999,0.85,1.0,0.02631578947368421,1.0,
Ganzhou rare-earth processing,air,air.pm25,,,,,,,,,,,,,,
Ganzhou rare-earth processing,air,air.pm10,,,,,,,,,,,,,,
Ganzhou rare-earth processing,air,air.o3,289.67640778296055,289.4291693832429,0.24723839971767347,14.304870630809551,0.4510108817705506,14.304870630809551,0.017283511756141033,0.005761170585380344,0.705,0.85,1.0,0.0,1.0,
Ganzhou rare-earth processing,air,air.aai,-0.18610918827234196,-0.2646411433350765,0.07853195506273453,0.49279735199866154,0.04814229873394103,0.4927973519986616,0.15935953134534664,0.053119843781782215,0.7308620689655172,0.85,1.0,0.10344827586206896,1.0,
Ganzhou rare-earth processing,air,air.aod,391.8364223112063,276.77357302140587,115.06284928980045,168.37930454419808,73.59554664270814,168.37930454419808,0.6833550572101186,0.2277850190700395,0.7665811965811966,0.9,0.9629629629629629,0.23076923076923078,1.0,
Ganzhou rare-earth processing,ghg,ghg.ch4,1936.6529622010669,1928.0991901547475,8.55377204631941,11.763265188278593,12.026977891307506,11.763265188278593,0.7271596711806466,0.24238655706021556,0.29019709415285605,0.85,0.14814814814814814,0.0,0.4220128216441705,context — not scored (M-CH4-A1 reference)
Ganzhou rare-earth processing,ghg,ghg.co2,22453.17341984511,,,,,,,0.8837541381248689,1.0,1.0,1.0,1.0,1.0,"context — not scored; rel_intensity=7.651633116362983 (cap 10), total_tCO2yr=1940042.235135087"
Ganzhou rare-earth processing,ghg,ghg.viirs,36.73477074980986,,,,,,,0.12450442356893154,0.7061261058922329,0.85,0.9,0.12450442356893154,1.0,"flaring_frac=0.012450442356893155, lit_contrast_pct=0.9856754100056905, state=high"
"CATL battery plant, Ningde",air,air.no2,105.32240401417567,95.78036027618329,9.542043737992387,28.299386502538493,12.571688858811875,28.299386502538493,0.33718199993969666,0.11239399997989889,0.6903333333333335,0.9,1.0,0.02666666666666667,1.0,
"CATL battery plant, Ningde",air,air.so2,-10.65377954790326,35.032754220830704,-45.686533768733966,321.8674115319513,74.23975547176553,321.8674115319513,-0.14194209209091904,0.0,0.594,0.75,1.0,0.0,1.0,
"CATL battery plant, Ningde",air,air.co,48.139951089038675,46.42050614154265,1.7194449474960223,6.744662847260953,4.937228797820715,6.744662847260953,0.25493415852421725,0.08497805284140576,0.5906666666666667,0.85,1.0,0.13333333333333333,1.0,
"CATL battery plant, Ningde",air,air.hcho,145.168287693315,134.5347580363472,10.633529656967795,70.45303728966864,22.146228497712272,70.45303728966864,0.15093074856727454,0.05031024952242485,0.7021363636363636,0.85,1.0,0.13636363636363635,1.0,
"CATL battery plant, Ningde",air,air.pm25,,,,,,,,,,,,,,
"CATL battery plant, Ningde",air,air.pm10,,,,,,,,,,,,,,
"CATL battery plant, Ningde",air,air.o3,292.42109615899216,291.72757000051234,0.6935261584798127,15.258705184743494,0.8744681678060992,15.258705184743492,0.04545118016784536,0.015150393389281789,0.7108139534883721,0.85,1.0,0.023255813953488372,1.0,
"CATL battery plant, Ningde",air,air.aai,-0.1307356552732495,-0.278565494523602,0.1478298392503525,0.49783502466338575,0.052624965381269866,0.49783502466338575,0.29694543759814523,0.09898181253271508,0.7282558139534884,0.85,1.0,0.09302325581395349,1.0,
"CATL battery plant, Ningde",air,air.aod,340.2200680867934,265.88974283479934,74.33032525199405,96.48928954233634,52.604484685234645,96.48928954233634,0.770347938144786,0.256782646048262,0.7825000000000001,0.9,1.0,0.25,1.0,
"CATL battery plant, Ningde",ghg,ghg.ch4,1919.612849760266,1914.3060161814853,5.306833578780697,17.327811783805128,20.78119737450806,17.327811783805128,0.3062610354378708,0.1020870118126236,0.3507526497084116,0.85,0.2962962962962963,0.125,0.4220128216441705,context — not scored (M-CH4-A1 reference)
"CATL battery plant, Ningde",ghg,ghg.co2,9606.426932856475,,,,,,,0.1360855101045385,1.0,1.0,1.0,1.0,1.0,"context — not scored; rel_intensity=1.367998150107987 (cap 10), total_tCO2yr=835608.4541085861"
"CATL battery plant, Ningde",ghg,ghg.viirs,29.470684816046965,,,,,,,0.29668411867364736,0.7491710296684119,0.85,0.9,0.29668411867364736,1.0,"flaring_frac=0.029668411867364738, lit_contrast_pct=0.9654390837198769, state=high"
"Tongwei/LONGi polysilicon, Leshan",air,air.no2,108.08033889828829,104.30068237113123,3.7796565271570586,42.33132749306139,5.136455607040188,42.33132749306139,0.08928745567397077,0.029762485224656923,0.6946343283582089,0.9,1.0,0.04477611940298507,1.0,
"Tongwei/LONGi polysilicon, Leshan",air,air.so2,22.355004912025567,77.01697781539941,-54.66197290337385,204.98935343229925,67.39098709667164,204.98935343229925,-0.2666576189842307,0.0,0.6018571428571428,0.75,1.0,0.03571428571428571,1.0,
"Tongwei/LONGi polysilicon, Leshan",air,air.co,42.34390112043001,41.39232573934155,0.9515753810884604,5.837309029974637,0.8558548034058244,5.837309029974637,0.16301610488704843,0.05433870162901614,0.5697142857142857,0.85,1.0,0.02857142857142857,1.0,
"Tongwei/LONGi polysilicon, Leshan",air,air.hcho,142.17399243212438,146.4534741655111,-4.279481733386717,68.45922172950877,18.96265134294936,68.45922172950877,-0.0625113991259717,0.0,0.6825878378378377,0.85,1.0,0.05405405405405406,1.0,
"Tongwei/LONGi polysilicon, Leshan",air,air.pm25,,,,,,,,,,,,,,
"Tongwei/LONGi polysilicon, Leshan",air,air.pm10,,,,,,,,,,,,,,
"Tongwei/LONGi polysilicon, Leshan",air,air.o3,305.52933304051464,305.2249006999239,0.3044323405907221,17.344708304275134,0.6206956291230209,17.344708304275134,0.017551885869172296,0.005850628623057432,0.7078735632183908,0.85,1.0,0.011494252873563218,1.0,
"Tongwei/LONGi polysilicon, Leshan",air,air.aai,-0.4244731311411751,-0.439989289034737,0.015516157893561922,0.48834776213827247,0.040917821917929226,0.48834776213827247,0.03177276337997966,0.010590921126659887,0.719367816091954,0.85,1.0,0.05747126436781609,1.0,
"Tongwei/LONGi polysilicon, Leshan",air,air.aod,242.07607058350195,255.50812943081294,-13.432058847310998,329.30737507627595,26.820079042539692,329.30737507627595,-0.04078881878731016,0.0,0.6652380952380953,0.9,0.7777777777777778,0.047619047619047616,1.0,
"Tongwei/LONGi polysilicon, Leshan",ghg,ghg.ch4,1861.7816050691938,1920.267217650304,-58.48561258111022,17.00336277618615,14.99088816504911,17.00336277618615,-3.4396497534606225,0.0,0.2635304274861894,0.85,0.037037037037037035,0.0,0.4220128216441705,context — not scored (M-CH4-A1 reference)
"Tongwei/LONGi polysilicon, Leshan",ghg,ghg.co2,4384.554258664476,,,,,,,0.39753139475411586,1.0,1.0,1.0,1.0,1.0,"context — not scored; rel_intensity=2.4976489354040394 (cap 10), total_tCO2yr=391927.56773332594"
"Tongwei/LONGi polysilicon, Leshan",ghg,ghg.viirs,8.725269868589923,,,,,,,0.02407022843118747,0.6810175571077969,0.85,0.9,0.02407022843118747,1.0,"flaring_frac=0.002407022843118747, lit_contrast_pct=0.9069247000233577, state=high"
"TSMC Fab 18, Tainan",air,air.no2,96.96893675365673,95.87722440506808,1.0917123485886577,42.41629693400344,6.532106997011913,42.41629693400344,0.025738040034170823,0.008579346678056942,0.684,0.9,1.0,0.0,1.0,
"TSMC Fab 18, Tainan",air,air.so2,-11.612180918068933,-6.471910077121907,-5.140270840947026,154.295752688635,34.75223253590542,154.295752688635,-0.03331440270633998,0.0,0.594,0.75,1.0,0.0,1.0,
"TSMC Fab 18, Tainan",air,air.co,44.15062113307283,43.64582752858602,0.5047936044868138,4.107887531137283,0.6724472772637577,4.107887531137283,0.12288398858550537,0.04096132952850179,0.5996164383561643,0.85,1.0,0.1780821917808219,1.0,
"TSMC Fab 18, Tainan",air,air.hcho,168.18630829285004,167.24162774928953,0.9446805435605086,80.54810074567764,13.354078596488716,80.54810074567764,0.011728154168938637,0.003909384722979545,0.6820876623376623,0.85,1.0,0.05194805194805195,1.0,
"TSMC Fab 18, Tainan",air,air.pm25,,,,,,,,,,,,,,
"TSMC Fab 18, Tainan",air,air.pm10,,,,,,,,,,,,,,
"TSMC Fab 18, Tainan",air,air.o3,285.71387976042286,285.63529460541747,0.07858515500538488,9.963960109696238,0.35314755623294575,9.963960109696238,0.007886939945585614,0.0026289799818618714,0.7195348837209302,0.85,1.0,0.05813953488372093,1.0,
"TSMC Fab 18, Tainan",air,air.aai,-0.05823624605393736,-0.22095712385881752,0.16272087780488015,0.4986416817831707,0.13490039020014877,0.4986416817831707,0.32632827087976507,0.10877609029325502,0.7195348837209302,0.85,1.0,0.05813953488372093,1.0,
"TSMC Fab 18, Tainan",air,air.aod,436.56299712491347,405.08444074093006,31.478556383983403,103.82633555291082,54.015190681177145,103.8263355529108,0.3031846998774377,0.10106156662581256,0.8075000000000001,0.9,1.0,0.35,1.0,
"TSMC Fab 18, Tainan",ghg,ghg.ch4,1939.290529646597,1928.4043067989735,10.886222847623458,22.270371800316905,9.607328418754713,22.270371800316905,0.48882088477160257,0.16294029492386755,0.3706011345568964,0.85,0.4074074074074074,0.09090909090909091,0.4220128216441705,context — not scored (M-CH4-A1 reference)
"TSMC Fab 18, Tainan",ghg,ghg.co2,19041.455369854048,,,,,,,0.36555485109750263,1.0,1.0,1.0,1.0,1.0,"context — not scored; rel_intensity=2.3203572266023884 (cap 10), total_tCO2yr=1608144.246451673"
"TSMC Fab 18, Tainan",ghg,ghg.viirs,28.297440285152863,,,,,,,0.0,0.675,0.85,0.9,0.0,1.0,"flaring_frac=0, lit_contrast_pct=0.8443920253584176, state=moderate"
Morowali Industrial Park (IMIP),air,air.no2,134.4771744933348,82.20384001244466,52.27333448089013,80.22535277997086,20.02939839593196,80.22535277997086,0.6515812354762339,0.21719374515874465,0.7166562500000001,0.9,1.0,0.1375,1.0,
Morowali Industrial Park (IMIP),air,air.so2,362.3844687892151,190.17523267138165,172.20923611783343,239.97428207206565,123.72077355596554,239.97428207206565,0.7176153820771428,0.2392051273590476,0.6306666666666666,0.75,1.0,0.16666666666666666,1.0,
Morowali Industrial Park (IMIP),air,air.co,36.443918631624705,27.467605771748868,8.976312859875836,5.684450199567923,2.4369019233866895,5.684450199567923,1.5790995689535865,0.5263665229845288,0.6048163265306122,0.85,1.0,0.20408163265306123,1.0,
Morowali Industrial Park (IMIP),air,air.hcho,195.75200193851688,167.4515785973261,28.300423341190793,122.25051922322622,30.219917131605705,122.25051922322622,0.23149532223675032,0.0771651074122501,0.6742311320754717,0.85,1.0,0.018867924528301886,1.0,
Morowali Industrial Park (IMIP),air,air.pm25,,,,,,,,,,,,,,
Morowali Industrial Park (IMIP),air,air.pm10,,,,,,,,,,,,,,
Morowali Industrial Park (IMIP),air,air.o3,260.16816981450614,259.68065336936695,0.48751644513919246,3.223113689923081,0.6731660566148305,3.223113689923081,0.15125636016606878,0.05041878672202293,0.719367816091954,0.85,1.0,0.05747126436781609,1.0,
Morowali Industrial Park (IMIP),air,air.aai,-0.6342515524114725,-0.6139678605757767,-0.020283691835695783,0.7490895088716433,0.0890117890313703,0.7490895088716433,-0.02707779456990286,0.0,0.705,0.85,1.0,0.0,1.0,
Morowali Industrial Park (IMIP),air,air.aod,234.58823380669176,104.6625,129.92573380669177,119.63212286877742,66.31798983879675,119.63212286877742,1.0860438709192284,0.3620146236397428,0.5811111111111111,0.9,0.37037037037037035,0.2,1.0,
Morowali Industrial Park (IMIP),ghg,ghg.ch4,,,,,,,,,,,,,,context — not scored (M-CH4-A1 reference)
Morowali Industrial Park (IMIP),ghg,ghg.co2,539.1417886387844,,,,,,,1.0,1.0,1.0,1.0,1.0,1.0,"context — not scored; rel_intensity=10.0 (cap 10), total_tCO2yr=41957.91684524187"
Morowali Industrial Park (IMIP),ghg,ghg.viirs,21.67710276657911,,,,,,,0.79172084958821,0.8729302123970525,0.85,0.9,0.79172084958821,1.0,"flaring_frac=0.079172084958821, lit_contrast_pct=0.9840615488072486, state=high"
Carajás iron ore mine,air,air.no2,42.30427157912559,41.04867519046421,1.255596388661381,5.553856862668429,0.9620473798017363,5.553856862668429,0.2260764761694114,0.0753588253898038,0.6901688311688312,0.9,1.0,0.025974025974025976,1.0,
Carajás iron ore mine,air,air.so2,-10.810513682115518,14.464489876311116,-25.275003558426633,45.853306027736814,28.82769419684426,45.853306027736814,-0.5512144215541994,0.0,0.6214999999999999,0.75,1.0,0.125,1.0,
Carajás iron ore mine,air,air.co,25.662635540504212,25.820799281896637,-0.15816374139242484,3.1379280555454776,0.5241509820147994,3.1379280555454776,-0.050403877524505786,0.0,0.564,0.85,1.0,0.0,1.0,
Carajás iron ore mine,air,air.hcho,95.73652462375941,108.27725970601382,-12.540735082254415,75.57485585754542,17.073809996968862,75.57485585754542,-0.165937929222029,0.0,0.6812419354838709,0.85,1.0,0.04838709677419355,1.0,
Carajás iron ore mine,air,air.pm25,,,,,,,,,,,,,,
Carajás iron ore mine,air,air.pm10,,,,,,,,,,,,,,
Carajás iron ore mine,air,air.o3,260.1527825719121,260.51971351625536,-0.3669309443432667,4.4885369477541355,0.3182966780277691,4.4885369477541355,-0.08174845135826778,0.0,0.705,0.85,1.0,0.0,1.0,
Carajás iron ore mine,air,air.aai,-0.6470048712885654,-0.6728125031165405,0.025807631827975075,0.6487194157344514,0.05523524475743682,0.6487194157344514,0.039782425501719905,0.013260808500573302,0.7138235294117646,0.85,1.0,0.03529411764705882,1.0,
Carajás iron ore mine,air,air.aod,37.428881456725705,41.23299230393106,-3.804110847205358,54.250526636997634,11.243332029631917,54.25052663699763,-0.07012117822670205,0.0,0.6533333333333334,0.9,0.7777777777777778,0.0,1.0,
Carajás iron ore mine,ghg,ghg.ch4,,,,,,,,,,,,,,context — not scored (M-CH4-A1 reference)
Carajás iron ore mine,ghg,ghg.co2,592.8776055682591,,,,,,,1.0,1.0,1.0,1.0,1.0,1.0,"context — not scored; rel_intensity=10.0 (cap 10), total_tCO2yr=46349.07869413038"
Carajás iron ore mine,ghg,ghg.viirs,8.313833044092457,,,,,,,0.027513433029067128,0.6818783582572668,0.85,0.9,0.027513433029067128,1.0,"flaring_frac=0.002751343302906713, lit_contrast_pct=0.9938064614913492, state=high"
Bayan Obo rare-earth mine,air,air.no2,72.15107859175222,69.65699075563053,2.494087836121693,34.39040699435881,1.8259432326038545,34.39040699435881,0.07252277754464516,0.024174259181548387,0.6899375,0.9,1.0,0.025,1.0,
Bayan Obo rare-earth mine,air,air.so2,24.745893455789638,33.53224115843866,-8.78634770264902,485.61888830074486,44.1944074834879,485.6188883007449,-0.018093092987782666,0.0,0.5972835820895521,0.75,1.0,0.014925373134328358,1.0,
Bayan Obo rare-earth mine,air,air.co,26.519807163107707,26.847463970727105,-0.3276568076193982,2.75920944802918,0.3565771993170181,2.75920944802918,-0.11875024850086448,0.0,0.5668985507246377,0.85,1.0,0.014492753623188406,1.0,
Bayan Obo rare-earth mine,air,air.hcho,56.14008319177664,59.27331251004778,-3.133229318271141,79.85997727160836,11.115568619722662,79.85997727160836,-0.039234037190053896,0.0,0.66975,0.85,1.0,0.0,1.0,
Bayan Obo rare-earth mine,air,air.pm25,,,,,,,,,,,,,,
Bayan Obo rare-earth mine,air,air.pm10,,,,,,,,,,,,,,
Bayan Obo rare-earth mine,air,air.o3,366.40690602072556,366.2259834401527,0.1809225805728829,30.30519307213506,0.688089609415864,30.305193072135065,0.005970019070402726,0.0019900063568009086,0.7136206896551723,0.85,1.0,0.034482758620689655,1.0,
Bayan Obo rare-earth mine,air,air.aai,0.3329683703119879,0.319375829472785,0.013592540839202916,0.44698706442804936,0.040952622735240106,0.44698706442804936,0.030409248770085787,0.010136416256695261,0.719367816091954,0.85,1.0,0.05747126436781609,1.0,
Bayan Obo rare-earth mine,air,air.aod,152.4062709871494,120.41666739569288,31.98960359145653,123.98392711484502,22.210296346359467,123.98392711484503,0.2580141179253412,0.08600470597511371,0.73984126984127,0.9,1.0,0.07936507936507936,1.0,
Bayan Obo rare-earth mine,ghg,ghg.ch4,1880.8082223676572,1887.1952830117305,-6.3870606440732445,16.12816896429058,4.00037144978734,16.12816896429058,-0.3960189565359125,0.0,0.42353042748618935,0.85,0.7037037037037037,0.0,0.4220128216441705,context — not scored (M-CH4-A1 reference)
Bayan Obo rare-earth mine,ghg,ghg.co2,4456.7748255558045,,,,,,,1.0,1.0,1.0,1.0,1.0,1.0,"context — not scored; rel_intensity=10.0 (cap 10), total_tCO2yr=464518.2796612634"
Bayan Obo rare-earth mine,ghg,ghg.viirs,3.2376495413649917,,,,,,,0.0,0.675,0.85,0.9,0.0,1.0,"flaring_frac=0, lit_contrast_pct=0.9767143814420842, state=high"
