site,site_kind,lat,lon,pillar,indicator,native_scale_m,window,bg_median,bg_std,cv,n_valid_days,n_hot_days,hf,max_day_z,error
quebec_2023_ctrl,control,49.7,-76.0,air,no2,1113.2,2023-05-01/2023-05-31,76.70488902432959,1.089129090307964,0.014198952689476017,30.0,11.0,0.36666666666666664,16.113423064032464,
quebec_2023_ctrl,control,49.7,-76.0,air,so2,1113.2,2023-05-01/2023-05-31,86.25225532615694,102.9164745496616,1.193203286806705,15.0,2.0,0.13333333333333333,2.9003806594361516,
quebec_2023_ctrl,control,49.7,-76.0,air,co,1113.2,2023-05-01/2023-05-31,34.01658590333027,0.9980991169879642,0.029341542970373433,17.0,5.0,0.29411764705882354,7.4250997699070975,
quebec_2023_ctrl,control,49.7,-76.0,air,hcho,1113.2,2023-05-01/2023-05-31,45.46470942655837,30.315605188311913,0.6667942140328064,17.0,5.0,0.29411764705882354,4.566636100216209,
quebec_2023_ctrl,control,49.7,-76.0,air,o3,1113.2,2023-05-01/2023-05-31,372.25786344805084,0.7959408149581665,0.002138143725389004,30.0,13.0,0.43333333333333335,69.64429456156346,
quebec_2023_ctrl,control,49.7,-76.0,air,aai,1113.2,2023-05-01/2023-05-31,-0.3389351801115549,0.05364990782727797,0.15828958153479375,30.0,14.0,0.4666666666666667,16.42201880659283,
quebec_2023_ctrl,control,49.7,-76.0,air,pm25,44544.0,2023-05-01/2023-05-31,,,,,,,,EEException: An internal error has occurred (request: 94fff051-5b5c-4538-
quebec_2023_ctrl,control,49.7,-76.0,air,pm10,44544.0,2023-05-01/2023-05-31,,,,,,,,EEException: An internal error has occurred (request: 61245c1b-1bb5-4bf9-
quebec_2023_ctrl,control,49.7,-76.0,air,aod,1000.0,2023-05-01/2023-05-31,93.73174919465298,8.82660020536147,0.09416873451311833,13.0,5.0,0.38461538461538464,17.851981493262755,
quebec_2023_ctrl,control,49.7,-76.0,ghg,ch4,1113.2,2023-05-01/2023-05-31,1861.838912952553,9.63721647479541,0.005176181681320893,8.0,0.0,0.0,1.2047486751469767,
quebec_2023_ctrl,control,49.7,-76.0,ghg,viirs,463.83,2023-05-01/2023-05-31,0.20290598013463626,0.11980390714140506,0.5904404939761281,30.0,30.0,1.0,8.149757369398943,
bayarea_2020_ctrl,control,37.7,-122.2,air,no2,1113.2,2020-07-15/2020-08-14,85.82491525168105,5.650096012894304,0.06583281785161606,29.0,7.0,0.2413793103448276,5.5122282610510265,
bayarea_2020_ctrl,control,37.7,-122.2,air,so2,1113.2,2020-07-15/2020-08-14,198.0708579164637,132.34782786290202,0.6681842511063373,29.0,7.0,0.2413793103448276,4.640001958035003,
bayarea_2020_ctrl,control,37.7,-122.2,air,co,1113.2,2020-07-15/2020-08-14,28.274507990387168,0.45683268481159006,0.016157051608710754,30.0,9.0,0.3,40.8770745778278,
bayarea_2020_ctrl,control,37.7,-122.2,air,hcho,1113.2,2020-07-15/2020-08-14,125.56848280926756,27.76824654417187,0.22114025687759953,29.0,8.0,0.27586206896551724,4.8213394579524795,
bayarea_2020_ctrl,control,37.7,-122.2,air,o3,1113.2,2020-07-15/2020-08-14,301.2729344982462,0.5513304384057434,0.0018300032139427144,30.0,14.0,0.4666666666666667,21.094783109178362,
bayarea_2020_ctrl,control,37.7,-122.2,air,aai,1113.2,2020-07-15/2020-08-14,-1.4874005570911313,0.27017931102782133,0.181645293690224,30.0,6.0,0.2,10.357562281530674,
bayarea_2020_ctrl,control,37.7,-122.2,air,pm25,44544.0,2020-07-15/2020-08-14,5.096462249755859,0.6895749568939209,0.13530463350865676,30.0,29.0,0.9666666666666667,2.6642959735289926,
bayarea_2020_ctrl,control,37.7,-122.2,air,pm10,44544.0,2020-07-15/2020-08-14,,,,,,,,"EEException: reduce.mean: Error in map(ID=20200710T00F120):
Image.select:"
bayarea_2020_ctrl,control,37.7,-122.2,air,aod,1000.0,2020-07-15/2020-08-14,158.11096923444865,92.01440932743125,0.5819609466247171,28.0,2.0,0.07142857142857142,3.0224174004718396,
bayarea_2020_ctrl,control,37.7,-122.2,ghg,ch4,1113.2,2020-07-15/2020-08-14,1857.4484998471446,8.41305676168379,0.004529362058962134,0.0,0.0,,,
bayarea_2020_ctrl,control,37.7,-122.2,ghg,viirs,463.83,2020-07-15/2020-08-14,8.974356447919044,21.997007933707156,2.4510958597825447,30.0,0.0,0.0,0.8754283250218277,
godzilla_2020_ctrl,control,18.2,-66.5,air,no2,1113.2,2020-05-15/2020-06-14,51.84655965401038,2.607538266727825,0.05029337113453254,29.0,4.0,0.13793103448275862,10.986091099498582,
godzilla_2020_ctrl,control,18.2,-66.5,air,so2,1113.2,2020-05-15/2020-06-14,5.015555465484871,60.41925113210584,12.04637283903806,16.0,4.0,0.25,5.090985607465612,
godzilla_2020_ctrl,control,18.2,-66.5,air,co,1113.2,2020-05-15/2020-06-14,30.788680839857005,0.8209337027854319,0.026663490620316053,23.0,3.0,0.13043478260869565,4.613364438198821,
godzilla_2020_ctrl,control,18.2,-66.5,air,hcho,1113.2,2020-05-15/2020-06-14,84.42656574834945,35.91342603971675,0.4253806337067413,21.0,3.0,0.14285714285714285,4.025097114657525,
godzilla_2020_ctrl,control,18.2,-66.5,air,o3,1113.2,2020-05-15/2020-06-14,282.82550079994076,1.0810340070326057,0.003822264979554602,30.0,13.0,0.43333333333333335,21.83169373350052,
godzilla_2020_ctrl,control,18.2,-66.5,air,aai,1113.2,2020-05-15/2020-06-14,-1.3317788374646886,0.21193289021175926,0.15913519891577235,30.0,9.0,0.3,4.388142923141945,
godzilla_2020_ctrl,control,18.2,-66.5,air,pm25,44544.0,2020-05-15/2020-06-14,4.085561752319336,0.965096397852239,0.2362212239979882,30.0,27.0,0.9,5.828861426388281,
godzilla_2020_ctrl,control,18.2,-66.5,air,pm10,44544.0,2020-05-15/2020-06-14,,,,,,,,"EEException: reduce.mean: Error in map(ID=20200510T00F120):
Image.select:"
godzilla_2020_ctrl,control,18.2,-66.5,air,aod,1000.0,2020-05-15/2020-06-14,148.79210239822464,66.87697054498956,0.4494658618775423,1.0,0.0,0.0,0.15281603766433172,
godzilla_2020_ctrl,control,18.2,-66.5,ghg,ch4,1113.2,2020-05-15/2020-06-14,,,,,,,,BackgroundRingNoDataError
godzilla_2020_ctrl,control,18.2,-66.5,ghg,viirs,463.83,2020-05-15/2020-06-14,1.2058373591338931,6.216785463187261,5.155575431542891,30.0,0.0,0.0,-0.0420275418966469,
beijing_2021_ctrl,control,39.9,116.4,air,no2,1113.2,2021-02-01/2021-03-03,264.5134287673926,24.667726357887098,0.09325699066711415,28.0,10.0,0.35714285714285715,11.073635086073075,
beijing_2021_ctrl,control,39.9,116.4,air,so2,1113.2,2021-02-01/2021-03-03,795.9802289433542,297.4738863172772,0.37372019492515174,21.0,7.0,0.3333333333333333,8.3802487592441,
beijing_2021_ctrl,control,39.9,116.4,air,co,1113.2,2021-02-01/2021-03-03,51.46480635866802,2.080526167497341,0.040426192474091106,18.0,4.0,0.2222222222222222,22.759639708269404,
beijing_2021_ctrl,control,39.9,116.4,air,hcho,1113.2,2021-02-01/2021-03-03,145.0796966217048,43.16613842981469,0.297533972257816,24.0,5.0,0.20833333333333334,6.701338031360025,
beijing_2021_ctrl,control,39.9,116.4,air,o3,1113.2,2021-02-01/2021-03-03,356.54572558243126,1.5178063436046656,0.004256975290126589,30.0,17.0,0.5666666666666667,39.09402464639251,
beijing_2021_ctrl,control,39.9,116.4,air,aai,1113.2,2021-02-01/2021-03-03,-0.9033187767670012,0.040171555904554866,0.044471073709250006,30.0,12.0,0.4,31.572746602964624,
beijing_2021_ctrl,control,39.9,116.4,air,pm25,44544.0,2021-02-01/2021-03-03,160.22166442871094,41.73773087226304,0.2604999206635619,30.0,20.0,0.6666666666666666,3.086071281046939,
beijing_2021_ctrl,control,39.9,116.4,air,pm10,44544.0,2021-02-01/2021-03-03,,,,,,,,"EEException: reduce.mean: Error in map(ID=20210127T00F120):
Image.select:"
beijing_2021_ctrl,control,39.9,116.4,air,aod,1000.0,2021-02-01/2021-03-03,372.83982429010524,31.737630036449726,0.08512403442115882,24.0,5.0,0.20833333333333334,29.715641143958663,
beijing_2021_ctrl,control,39.9,116.4,ghg,ch4,1113.2,2021-02-01/2021-03-03,1848.5924072257808,0.0,0.0,0.0,0.0,,,
beijing_2021_ctrl,control,39.9,116.4,ghg,viirs,463.83,2021-02-01/2021-03-03,28.980138936954727,20.04050518025292,0.6915255038580158,30.0,1.0,0.03333333333333333,2.316090955569127,
phoenix_2021_ctrl,control,33.4,-112.0,air,no2,1113.2,2021-06-01/2021-07-01,111.34036968023734,14.976665909487984,0.13451244999904385,29.0,8.0,0.27586206896551724,5.575147795528351,
phoenix_2021_ctrl,control,33.4,-112.0,air,so2,1113.2,2021-06-01/2021-07-01,98.15232643969796,90.06783628380106,0.9176332293981458,28.0,5.0,0.17857142857142858,4.5005558962898204,
phoenix_2021_ctrl,control,33.4,-112.0,air,co,1113.2,2021-06-01/2021-07-01,31.419998738117314,0.7176705329072699,0.02284120183737069,26.0,5.0,0.19230769230769232,24.991771860503047,
phoenix_2021_ctrl,control,33.4,-112.0,air,hcho,1113.2,2021-06-01/2021-07-01,223.51764589637034,24.8789478621459,0.11130641503660317,27.0,9.0,0.3333333333333333,6.73305718800328,
phoenix_2021_ctrl,control,33.4,-112.0,air,o3,1113.2,2021-06-01/2021-07-01,303.274001813429,0.35881230825642524,0.001183129137713436,29.0,12.0,0.41379310344827586,137.10757865178937,
phoenix_2021_ctrl,control,33.4,-112.0,air,aai,1113.2,2021-06-01/2021-07-01,-0.7012479503119317,0.12507027803340262,0.17835385897066566,29.0,11.0,0.3793103448275862,14.4106956621273,
phoenix_2021_ctrl,control,33.4,-112.0,air,pm25,44544.0,2021-06-01/2021-07-01,7.514904022216797,0.9088364593983762,0.12093786649989463,30.0,29.0,0.9666666666666667,7.490589239665689,
phoenix_2021_ctrl,control,33.4,-112.0,air,pm10,44544.0,2021-06-01/2021-07-01,,,,,,,,"EEException: reduce.mean: Error in map(ID=20210527T12F117):
Image.select:"
phoenix_2021_ctrl,control,33.4,-112.0,air,aod,1000.0,2021-06-01/2021-07-01,174.462241941325,26.635992391004358,0.15267482576523667,28.0,9.0,0.32142857142857145,19.44661789661369,
phoenix_2021_ctrl,control,33.4,-112.0,ghg,ch4,1113.2,2021-06-01/2021-07-01,1871.0816174778215,14.184060731750058,0.007580674514279005,2.0,0.0,0.0,0.5932051069832739,
phoenix_2021_ctrl,control,33.4,-112.0,ghg,viirs,463.83,2021-06-01/2021-07-01,27.024843876681196,29.574557196436636,1.0943470138584408,30.0,0.0,0.0,1.4453479805308562,
ocean_pacific,fresh,0.0,-140.0,air,no2,1113.2,2023-07-01/2023-07-31,,,,,,,,BackgroundRingNoDataError
ocean_pacific,fresh,0.0,-140.0,air,so2,1113.2,2023-07-01/2023-07-31,,,,,,,,BackgroundRingNoDataError
ocean_pacific,fresh,0.0,-140.0,air,co,1113.2,2023-07-01/2023-07-31,,,,,,,,BackgroundRingNoDataError
ocean_pacific,fresh,0.0,-140.0,air,hcho,1113.2,2023-07-01/2023-07-31,,,,,,,,BackgroundRingNoDataError
ocean_pacific,fresh,0.0,-140.0,air,o3,1113.2,2023-07-01/2023-07-31,,,,,,,,BackgroundRingNoDataError
ocean_pacific,fresh,0.0,-140.0,air,aai,1113.2,2023-07-01/2023-07-31,,,,,,,,BackgroundRingNoDataError
ocean_pacific,fresh,0.0,-140.0,air,pm25,44544.0,2023-07-01/2023-07-31,,,,,,,,BackgroundRingNoDataError
ocean_pacific,fresh,0.0,-140.0,air,pm10,44544.0,2023-07-01/2023-07-31,,,,,,,,BackgroundRingNoDataError
ocean_pacific,fresh,0.0,-140.0,air,aod,1000.0,2023-07-01/2023-07-31,,,,,,,,BackgroundRingNoDataError
ocean_pacific,fresh,0.0,-140.0,ghg,ch4,1113.2,2023-07-01/2023-07-31,,,,,,,,BackgroundRingNoDataError
ocean_pacific,fresh,0.0,-140.0,ghg,viirs,463.83,2023-07-01/2023-07-31,,,,,,,,BackgroundRingNoDataError
desert_sahara,fresh,23.0,13.0,air,no2,1113.2,2023-07-01/2023-07-31,64.11186436710803,0.9414711476276978,0.014684819368795498,26.0,6.0,0.23076923076923078,8.407206786675868,
desert_sahara,fresh,23.0,13.0,air,so2,1113.2,2023-07-01/2023-07-31,57.06477191133562,52.715603061656644,0.9237853985215871,30.0,10.0,0.3333333333333333,5.075269479019002,
desert_sahara,fresh,23.0,13.0,air,co,1113.2,2023-07-01/2023-07-31,28.39461773424473,0.3437658724316164,0.01210672655110355,26.0,13.0,0.5,16.256772514597024,
desert_sahara,fresh,23.0,13.0,air,hcho,1113.2,2023-07-01/2023-07-31,82.22123661167595,16.59670565263153,0.2018542451631613,30.0,5.0,0.16666666666666666,5.35967720113564,
desert_sahara,fresh,23.0,13.0,air,o3,1113.2,2023-07-01/2023-07-31,290.33682859906236,0.36809884539331184,0.0012678338024475501,30.0,12.0,0.4,26.11851108298,
desert_sahara,fresh,23.0,13.0,air,aai,1113.2,2023-07-01/2023-07-31,0.9197046958017493,0.10326129066828461,0.11227657218632221,30.0,10.0,0.3333333333333333,5.72191736771461,
desert_sahara,fresh,23.0,13.0,air,pm25,44544.0,2023-07-01/2023-07-31,19.409210205078125,0.35120161277242684,0.018094585460285254,30.0,29.0,0.9666666666666667,30.131898901293972,
desert_sahara,fresh,23.0,13.0,air,pm10,44544.0,2023-07-01/2023-07-31,156.06483459472656,1.6137477943446854,0.010340239673692731,30.0,29.0,0.9666666666666667,69.71563189924163,
desert_sahara,fresh,23.0,13.0,air,aod,1000.0,2023-07-01/2023-07-31,105.70741561945106,10.676632226796348,0.10100173355133808,30.0,17.0,0.5666666666666667,13.57650348418024,
desert_sahara,fresh,23.0,13.0,ghg,ch4,1113.2,2023-07-01/2023-07-31,1905.2991191676745,4.6598057482662565,0.0024457082362489527,19.0,3.0,0.15789473684210525,3.516286029680316,
desert_sahara,fresh,23.0,13.0,ghg,viirs,463.83,2023-07-01/2023-07-31,0.29976585422445245,0.04249213138644051,0.14175107267095247,28.0,8.0,0.2857142857142857,12.712807254608961,
forest_amazon,fresh,-10.0,-60.0,air,no2,1113.2,2023-07-01/2023-07-31,45.02257465739698,2.89766571867938,0.06436028460676467,30.0,4.0,0.13333333333333333,9.817379655147846,
forest_amazon,fresh,-10.0,-60.0,air,so2,1113.2,2023-07-01/2023-07-31,-58.21160560543842,90.21767882745486,1.549822889939773,29.0,6.0,0.20689655172413793,8.278631725483656,
forest_amazon,fresh,-10.0,-60.0,air,co,1113.2,2023-07-01/2023-07-31,28.705587036509975,0.8883753357577822,0.030947819831305942,28.0,6.0,0.21428571428571427,6.259369942211569,
forest_amazon,fresh,-10.0,-60.0,air,hcho,1113.2,2023-07-01/2023-07-31,192.4368757963947,26.92551218893927,0.13991867243483755,30.0,5.0,0.16666666666666666,7.91494764780258,
forest_amazon,fresh,-10.0,-60.0,air,o3,1113.2,2023-07-01/2023-07-31,260.8979184455451,0.43478286686306167,0.00166648653026264,30.0,12.0,0.4,19.721594182063082,
forest_amazon,fresh,-10.0,-60.0,air,aai,1113.2,2023-07-01/2023-07-31,-0.27641794155123983,0.08306735411264063,0.30051361227303824,30.0,10.0,0.3333333333333333,10.677877934605288,
forest_amazon,fresh,-10.0,-60.0,air,pm25,44544.0,2023-07-01/2023-07-31,8.438371658325195,0.37424285899574306,0.04435012750671151,30.0,30.0,1.0,10.45642179656903,
forest_amazon,fresh,-10.0,-60.0,air,pm10,44544.0,2023-07-01/2023-07-31,12.12946605682373,0.5344160340507753,0.04405932062855532,30.0,30.0,1.0,10.403520651081042,
forest_amazon,fresh,-10.0,-60.0,air,aod,1000.0,2023-07-01/2023-07-31,47.353645159391746,7.003894602074092,0.14790613433240618,28.0,14.0,0.5,10.985247333905876,
forest_amazon,fresh,-10.0,-60.0,ghg,ch4,1113.2,2023-07-01/2023-07-31,1877.6074499787908,11.624156285305162,0.0061909406491950526,10.0,4.0,0.4,3.5065857280256427,
forest_amazon,fresh,-10.0,-60.0,ghg,viirs,463.83,2023-07-01/2023-07-31,0.1913859465478069,19.761704811420838,103.25577801233435,28.0,0.0,0.0,1.5845740897412004,
